container_id,container_name,slot,item_id,item_name,item_name_log,count,status,rank,augments,extdata
0,inventory,1,1449,T. Whiteshell,Tukuku whiteshell,37,0,,,000000000000000000000000000000000000000000000000
0,inventory,2,836,Damascene Cloth,square of damascene cloth,7,0,,,000000000000000000000000000000000000000000000000
0,inventory,3,1455,1 Byne Bill,one byne bill,35,0,,,000000000000000000000000000000000000000000000000
0,inventory,4,2956,H. Kindred Crest,High Kindred's crest,99,0,,,000000000000000000000000000000000000000000000000
0,inventory,5,4059,Pluton,pluton,99,0,,,000000000000000000000000000000000000000000000000
0,inventory,6,9539,Beastmen's Medal,beastmen's medal,13,0,,,000000000000000000000000000000000000000000000000
0,inventory,7,3932,Chapuli Horn,chapuli horn,1,0,,,000000000000000000000000000000000000000000000000
0,inventory,8,21353,Happo Shuriken,happo shuriken,31,0,,,000000000000000000000000000000000000000000000000
0,inventory,9,2957,S. Kindred Crest,Sacred Kindred's crest,99,0,,,000000000000000000000000000000000000000000000000
0,inventory,10,8714,Mog Pell (Red),red mog pell,7,0,,,000000000000000000000000000000000000000000000000
0,inventory,11,2957,S. Kindred Crest,Sacred Kindred's crest,99,0,,,000000000000000000000000000000000000000000000000
0,inventory,12,1125,Carbuncle's Ruby,Carbuncle's ruby,1,0,,,000000000000000000000000000000000000000000000000
0,inventory,13,4164,Prism Powder,pinch of prism powder,5,0,,,000000000000000000000000000000000000000000000000
0,inventory,14,4165,Silent Oil,pot of silent oil,4,0,,,000000000000000000000000000000000000000000000000
0,inventory,15,6343,Grape Daifuku,grape daifuku,12,0,,,000000000000000000000000000000000000000000000000
0,inventory,16,6567,Tropical Crepe,tropical crepe,2,0,,,000000000000000000000000000000000000000000000000
0,inventory,17,1106,Whine Cellar Key,Whine Cellar key,1,0,,,000000000000000000000000000000000000000000000000
0,inventory,18,18258,Thr. Tomahawk,throwing tomahawk,94,0,,,000000000000000000000000000000000000000000000000
0,inventory,19,8983,Arthro's Shell,Emperor Arthro's shell,8,0,,,000000000000000000000000000000000000000000000000
0,inventory,20,9877,Heroism Crystal,heroism crystal,53,0,,,000000000000000000000000000000000000000000000000
0,inventory,21,2957,S. Kindred Crest,Sacred Kindred's crest,99,0,,,000000000000000000000000000000000000000000000000
0,inventory,22,2957,S. Kindred Crest,Sacred Kindred's crest,99,0,,,000000000000000000000000000000000000000000000000
0,inventory,23,8711,Copper Voucher,copper A.M.A.N. voucher,25,0,,,000000000000000000000000000000000000000000000000
0,inventory,24,515,Linkpearl,linkpearl,1,0,,,35BE00004B29B0FF04B4F0C904C820CA3F00000000000000
0,inventory,25,6500,Abdhaljs Seal,Abdhaljs seal,1,0,,,000000000000000000000000000000000000000000000000
0,inventory,26,6343,Grape Daifuku,grape daifuku,4,0,,,000000000000000000000000000000000000000000000000
0,inventory,27,9277,Silver Voucher,silver A.M.A.N. voucher,2,0,,,000000000000000000000000000000000000000000000000
0,inventory,28,515,Linkpearl,linkpearl,1,0,,,1CC10000545C01F5049CF1E23D54C5B01513FC0000000000
0,inventory,29,1236,Cactus Stems,bag of cactus stems,9,0,,,000000000000000000000000000000000000000000000000
0,inventory,30,1179,Shihei,shihei,74,0,,,000000000000000000000000000000000000000000000000
0,inventory,31,6608,Moogle Amp.,moogle amplifier,1,0,,,000000000000000000000000000000000000000000000000
0,inventory,32,2956,H. Kindred Crest,High Kindred's crest,4,0,,,000000000000000000000000000000000000000000000000
0,inventory,33,2957,S. Kindred Crest,Sacred Kindred's crest,28,0,,,000000000000000000000000000000000000000000000000
0,inventory,34,8966,Eudaemon Blade,eudaemon blade,1,0,,,000000000000000000000000000000000000000000000000
0,inventory,35,1452,O. Bronzepiece,Ordelle bronzepiece,6,0,,,000000000000000000000000000000000000000000000000
0,inventory,36,2955,Kindred's Crest,Kindred's crest,8,0,,,000000000000000000000000000000000000000000000000
0,inventory,37,5308,Toolbag (Uchi),toolbag (uchitake),2,0,,,000000000000000000000000000000000000000000000000
0,inventory,38,1767,Eltoro Leather,square of Eltoro leather,1,0,,,000000000000000000000000000000000000000000000000
0,inventory,39,641,Tin Ore,chunk of tin ore,1,0,,,000000000000000000000000000000000000000000000000
0,inventory,40,2490,Forbidden Key,forbidden key,13,0,,,000000000000000000000000000000000000000000000000
0,inventory,41,9210,Pellucid Stone,pellucid stone,37,0,,,000000000000000000000000000000000000000000000000
0,inventory,42,4153,Antacid,bottle of antacid,11,0,,,000000000000000000000000000000000000000000000000
0,inventory,43,1161,Uchitake,uchitake,90,0,,,000000000000000000000000000000000000000000000000
0,inventory,44,4154,Holy Water,flask of holy water,7,0,,,000000000000000000000000000000000000000000000000
0,inventory,45,3525,Leviatite,leviatite,2,0,,,000000000000000000000000000000000000000000000000
0,inventory,46,9211,Fern Stone,fern stone,59,0,,,000000000000000000000000000000000000000000000000
0,inventory,47,5314,Toolbag (Shihe),toolbag (shihei),3,0,,,000000000000000000000000000000000000000000000000
0,inventory,48,3501,Liminal Residue,pouch of liminal residue,23,0,,,000000000000000000000000000000000000000000000000
0,inventory,49,13263,Steppe Sash,steppe sash,1,0,,,000000000000000000000000000000000000000000000000
0,inventory,50,3300,Soil Geode,soil geode,1,0,,,000000000000000000000000000000000000000000000000
0,inventory,52,4401,Moat Carp,moat carp,1,0,,,000000000000000000000000000000000000000000000000
0,inventory,53,9049,Refractive Crystal,refractive crystal,7,0,,,000000000000000000000000000000000000000000000000
0,inventory,55,2966,Bukhis's Wing,Bukhis's wing,1,0,,,000000000000000000000000000000000000000000000000
0,inventory,57,9085,Eschalixir +1,eschalixir +1,3,0,,,000000000000000000000000000000000000000000000000
0,inventory,58,4138,Super Ether +2,super ether +2,1,0,,,000000000000000000000000000000000000000000000000
0,inventory,68,2741,Seedspall Luna,Seedspall Luna,1,0,,,000000000000000000000000000000000000000000000000
0,inventory,69,26160,Evanescence Ring,evanescence ring,1,0,,,000000000000000000000000000000000000000000000000
0,inventory,70,2970,Mokujin,mokujin,51,0,,,000000000000000000000000000000000000000000000000
0,inventory,71,4059,Pluton,pluton,80,0,,,000000000000000000000000000000000000000000000000
0,inventory,74,4061,Riftborn Boulder,riftborn boulder,41,0,,,000000000000000000000000000000000000000000000000
0,inventory,79,4060,Beitetsu,chunk of beitetsu,93,0,,,000000000000000000000000000000000000000000000000
1,safe,1,1900,H.Q. Aern Organ,high-quality aern organ,1,0,,,000000000000000000000000000000000000000000000000
1,safe,2,3691,Guardian Board,guardian board,1,0,,,004000000000040000030000000000000000000000000000
1,safe,3,15834,Blind Ring,blind ring,1,0,,,016400800AB1B01C00000000000000000000000000000000
1,safe,4,3685,Empress Board,empress board,1,0,,,004000000000030000030000000000000000000000000000
1,safe,5,3687,Crystal Board,crystal board,1,0,,,004000000000010000010000000000000000000000000000
1,safe,6,20913,Anahera Scythe,anahera scythe,1,0,,,000000000000000000000000000000000000000000000000
1,safe,7,12387,Koenig Shield,koenig shield,1,0,,,000000000000000000000000000000000000000000000000
1,safe,8,426,Orchestrion,orchestrion,1,0,,,004000000000040017000000000000000000000000000000
1,safe,9,3683,Forest. Board,forestdweller board,1,0,,,004000000000020000030000000000000000000000000000
1,safe,10,387,White 9D Almirah,white 9-drawer almirah,1,0,,,004000000000000001030000000000000000000000000000
1,safe,11,2577,Senorita Pamama,bunch of senorita pamamas,1,0,,,000000000000000000000000000000000000000000000000
1,safe,12,388,White 6D Almirah,white 6-drawer almirah,1,0,,,004000000000120001030000000000000000000000000000
1,safe,13,11503,Perle Salade,perle salade,1,0,,,000000000000000000000000000000000000000000000000
1,safe,14,13759,Perle Hauberk,perle hauberk,1,0,,,000000000000000000000000000000000000000000000000
1,safe,15,4,Mahogany Bed,mahogany bed,1,0,,,00400000000000000D000000000000000000000000000000
1,safe,16,19879,Xiphias,Xiphias,1,0,,,02430000000000000000498E000000000000000000000000
1,safe,17,3740,Model Synergy Furn.,model synergy furnace,1,0,,,004000000000110009000000000000000000000000000000
1,safe,18,129,Imperial Standard,Imperial standard,1,0,,,004100000000000000030000000000000000000000000000
1,safe,19,3705,Far East Hearth,Far East hearth,1,0,,,004100000000070008000000000000000000000000000000
1,safe,20,28672,Maze Tabula M01,Maze Tabula M01,1,0,,,000000000000000000000000000000000000000000000000
1,safe,21,16070,Glory Crown,glory crown,1,0,,,000000000000000000000000625BA5000000000000000000
1,safe,22,3710,Windurstian Sill,Windurstian sill,1,0,,,004100000000540000020000000000000000000000000000
1,safe,23,4369,4Leaf Mandra Bud,four-leaf mandragora bud,1,0,,,000000000000000000000000000000000000000000000000
1,safe,24,90,Rusty Bucket,rusty bucket,1,0,,,004000000000130015000000000000000000000000000000
1,safe,25,537,Damselfly Worm,damselfly worm,1,0,,,000000000000000000000000000000000000000000000000
1,safe,26,3652,Memorial Cake,memorial cake,1,0,,,004000000000010015000000000000000000000000000000
1,safe,27,3706,Vana'clock,Vana'clock,1,0,,,004000000000000000010000000000000000000000000000
1,safe,28,86,San d'Orian Tree,San d'Orian holiday tree,1,0,,,004000000000100015000000000000000000000000000000
1,safe,29,436,Jeunoan Armoire,Jeunoan armoire,1,0,,,004000000000000007030000000000000000000000000000
1,safe,30,1784,Phuabo Organ,phuabo organ,1,0,,,000000000000000000000000000000000000000000000000
1,safe,31,1788,Yovra Organ,yovra organ,1,0,,,000000000000000000000000000000000000000000000000
1,safe,32,1871,H.Q. Hpemde Org.,high-quality hpemde organ,1,0,,,000000000000000000000000000000000000000000000000
1,safe,33,1871,H.Q. Hpemde Org.,high-quality hpemde organ,1,0,,,000000000000000000000000000000000000000000000000
1,safe,34,28736,Maze Voucher 01,Maze Voucher 01,1,0,,,000000000000000000000000000000000000000000000000
1,safe,35,359,Bahut,bahut,1,0,,,00400000000013000D010000000000000000000000000000
1,safe,36,181,San d'Orian Flag,San d'Orian flag,1,0,,,004100000000080000030000000000000000000000000000
1,safe,37,12745,Perle Moufles,perle moufles,1,0,,,000000000000000000000000000000000000000000000000
1,safe,38,55,Cabinet,cabinet,1,0,,,000000000000000000000000000000000000000000000000
1,safe,39,1602,Mannequin Body,mannequin body,1,0,,,000000000000000000000000000000000000000000000000
1,safe,40,28905,Maze Rune 106,Maze Rune 106,1,0,,,000000000000000000000000000000000000000000000000
1,safe,41,14210,Perle Brayettes,perle brayettes,1,0,,,000000000000000000000000000000000000000000000000
1,safe,42,184,Jeunoan Flag,Jeunoan flag,1,0,,,0041000000000C0000030000000000000000000000000000
1,safe,43,11413,Perle Sollerets,perle sollerets,1,0,,,000000000000000000000000000000000000000000000000
1,safe,44,23753,Sandogasa,sandogasa,1,0,,,000000000000000000000000000000000000000000000000
1,safe,45,1603,Mannequin Hands,mannequin hands,1,0,,,000000000000000000000000000000000000000000000000
1,safe,46,19895,Daboya,Daboya,1,0,,,02430000000000000000598E000000000000000000000000
1,safe,48,5,Bronze Bed,bronze bed,1,0,,,000000000000000000000000000000000000000000000000
1,safe,49,3742,Merc. Painting,painting of a mercenary,1,0,,,000000000000000000000000000000000000000000000000
1,safe,50,5984,Gnatbane,branch of gnatbane,2,0,,,000000000000000000000000000000000000000000000000
1,safe,52,4401,Moat Carp,moat carp,1,0,,,000000000000000000000000000000000000000000000000
1,safe,53,28908,Maze Rune 109,Maze Rune 109,1,0,,,000000000000000000000000000000000000000000000000
1,safe,54,20715,Acclimator,Acclimator,1,0,,,000000000000000000000000000000000000000000000000
1,safe,55,20986,Achiuchikapu,Achiuchikapu,1,0,,,000000000000000000000000000000000000000000000000
1,safe,56,20668,Firetongue,firetongue,1,0,,,000000000000000000000000000000000000000000000000
2,storage,1,8764,Bu.Abjuration: Hn.,bushin abjuration: hands,1,0,,,000000000000000000000000000000000000000000000000
2,storage,2,2187,Imp. Gold Piece,Imperial gold piece,5,0,,,000000000000000000000000000000000000000000000000
2,storage,3,2184,Imp. Brz. Piece,Imperial bronze piece,24,0,,,000000000000000000000000000000000000000000000000
2,storage,4,8766,Bu.Abjuration: Ft.,bushin abjuration: feet,1,0,,,000000000000000000000000000000000000000000000000
2,storage,5,27097,Eschite Gauntlets,eschite gauntlets,1,0,,,000000000000000000000000000000000000000000000000
2,storage,6,1568,Atst. of Transcen.,attestation of transcendence,1,0,,,000000000000000000000000000000000000000000000000
2,storage,7,16607,Chaosbringer,chaosbringer,1,0,,,000000000000000000000000000000000000000000000000
2,storage,8,18260,Relic Knuckles,relic knuckles,1,0,,,000000000000000000000000000000000000000000000000
2,storage,9,539,Crab Apron,crab apron,1,0,,,000000000000000000000000000000000000000000000000
2,storage,10,18266,Relic Dagger,relic dagger,1,0,,,000000000000000000000000000000000000000000000000
2,storage,11,9107,Cr.Abjuration: Hn.,cronian abjuration: hands,1,0,,,000000000000000000000000000000000000000000000000
2,storage,12,4901,Water Spirit,Water Spirit pact,1,0,,,000000000000000000000000000000000000000000000000
2,storage,13,3922,Rhodium Ore,chunk of rhodium ore,1,0,,,000000000000000000000000000000000000000000000000
2,storage,14,8931,Snowslit Stone +1,snowslit stone +1,81,0,,,000000000000000000000000000000000000000000000000
2,storage,15,9109,Cr.Abjuration: Ft.,cronian abjuration: feet,1,0,,,000000000000000000000000000000000000000000000000
2,storage,16,8934,Leafslit Stone +1,leafslit stone +1,69,0,,,000000000000000000000000000000000000000000000000
2,storage,17,8937,Duskslit Stone +1,duskslit stone +1,89,0,,,000000000000000000000000000000000000000000000000
2,storage,18,18296,Relic Lance,relic lance,1,0,,,000000000000000000000000000000000000000000000000
2,storage,19,18308,Ihintanto,ihintanto,1,0,,,000000000000000000000000000000000000000000000000
2,storage,20,530,Castle Floor Plans,copy of the castle floor plans,1,0,,,000000000000000000000000000000000000000000000000
2,storage,21,2572,Pandemonium Key,Pandemonium key,1,0,,,000000000000000000000000000000000000000000000000
2,storage,22,2626,B. Borer's Cocoon,Brass Borer's cocoon,1,0,,,000000000000000000000000000000000000000000000000
2,storage,23,28498,Pratik Earring,pratik earring,1,0,,,000000000000000000000000000000000000000000000000
2,storage,24,5318,Toolbag (Kodo),toolbag (kodoku),11,0,,,000000000000000000000000000000000000000000000000
2,storage,25,9221,Abdhaljs Dust,pinch of Abdhaljs dust,1,0,,,000000000000000000000000000000000000000000000000
2,storage,26,3442,Kupon I-Seal,Mog Kupon I-Seal,2,0,,,000000000000000000000000000000000000000000000000
2,storage,27,8958,Snoworb Stone +1,snoworb stone +1,12,0,,,000000000000000000000000000000000000000000000000
2,storage,28,2691,Iron Letterbox,iron letterbox,1,0,,,000000000000000000000000000000000000000000000000
2,storage,29,17961,Lion Tamer,lion tamer,1,0,,,013200807E4E101E00000000000000000000000000000000
2,storage,30,3898,Rala Visage IV,Rala visage IV,2,0,,,000000000000000000000000000000000000000000000000
2,storage,31,1580,Divine Fragment,divine fragment,1,0,,,000000000000000000000000000000000000000000000000
2,storage,32,3359,Despot's Fortune,despot's fortune parchment,1,0,,,000000000000000000000000000000000000000000000000
2,storage,33,3896,Rala Visage II,Rala visage II,1,0,,,000000000000000000000000000000000000000000000000
2,storage,34,3360,Sadist's Fortune,sadist's fortune parchment,1,0,,,000000000000000000000000000000000000000000000000
2,storage,35,26517,Shadow Lord Shirt,Shadow Lord shirt,1,0,,,010100885378B61F00000000000000000000000000000000
2,storage,36,1561,Atst. of Force,attestation of force,1,0,,,000000000000000000000000000000000000000000000000
2,storage,37,3361,Villain's Fortune,villain's fortune parchment,1,0,,,000000000000000000000000000000000000000000000000
2,storage,38,2333,Pup. Testimony,puppetmaster's testimony,1,0,,,000000000000000000000000000000000000000000000000
2,storage,39,3363,Traitor's Fortune,traitor's fortune parchment,1,0,,,000000000000000000000000000000000000000000000000
2,storage,40,9114,Ar.Abjuration: Ft.,arean abjuration: feet,1,0,,,000000000000000000000000000000000000000000000000
2,storage,41,9116,Jo.Abjuration: Bd.,jovian abjuration: body,1,0,,,000000000000000000000000000000000000000000000000
2,storage,42,3365,Ornate Goad,ornate goad,1,0,,,000000000000000000000000000000000000000000000000
2,storage,43,2331,Blue M. Testimony,blue mage's testimony,1,0,,,000000000000000000000000000000000000000000000000
2,storage,44,5734,Toolbag (Soshi),toolbag (soshi),12,0,,,000000000000000000000000000000000000000000000000
2,storage,45,9303,Kin's Scale,Kin's scale,1,0,,,000000000000000000000000000000000000000000000000
2,storage,46,5309,Toolbag (Tsura),toolbag (tsurara),11,0,,,000000000000000000000000000000000000000000000000
2,storage,47,18003,Swordbreaker,swordbreaker,1,0,,,000000000000000000000000000000000000000000000000
2,storage,48,9307,Fu's Scale,Fu's scale,1,0,,,000000000000000000000000000000000000000000000000
2,storage,49,21967,Melon Slicer,melon slicer,1,0,,,000000000000000000000000000000000000000000000000
2,storage,50,1556,Atst. of Might,attestation of might,1,0,,,000000000000000000000000000000000000000000000000
2,storage,51,5864,Toolbag (Jinko),toolbag (jinko),11,0,,,000000000000000000000000000000000000000000000000
2,storage,52,9117,Jo.Abjuration: Hn.,jovian abjuration: hands,1,0,,,000000000000000000000000000000000000000000000000
2,storage,53,8771,Va.Abjuration: Ft.,vale abjuration: feet,1,0,,,000000000000000000000000000000000000000000000000
2,storage,54,8719,Maliya. Coral,piece of Maliyakaleya coral,2,0,,,000000000000000000000000000000000000000000000000
2,storage,55,5866,Toolbag (Moku),toolbag (mokujin),11,0,,,000000000000000000000000000000000000000000000000
2,storage,56,6265,Toolbag (Ranka),toolbag (ranka),10,0,,,000000000000000000000000000000000000000000000000
2,storage,57,5526,E. Tincture (FrB),Fragrant Breeze Budtincture,1,0,,,000000000000000000000000000000000000000000000000
2,storage,58,6266,Toolbag (Furu),toolbag (furusumi),11,0,,,000000000000000000000000000000000000000000000000
2,storage,59,9264,A. Token: Feet,Ambuscade token: feet,1,0,,,000000000000000000000000000000000000000000000000
2,storage,60,6306,Hap. Sh. Pouch,happo shuriken pouch,4,0,,,000000000000000000000000000000000000000000000000
2,storage,61,4056,Pachy. Spirit,pachypodium spirit,3,0,,,000000000000000000000000000000000000000000000000
2,storage,62,3496,Frgtn. Journey,forgotten journey,15,0,,,000000000000000000000000000000000000000000000000
2,storage,63,8964,Duskorb Stone +1,duskorb stone +1,7,0,,,000000000000000000000000000000000000000000000000
2,storage,64,3956,Ghastly Stone +2,ghastly stone +2,12,0,,,000000000000000000000000000000000000000000000000
2,storage,65,8961,Leaforb Stone +1,leaforb stone +1,7,0,,,000000000000000000000000000000000000000000000000
2,storage,66,9095,Vermillion's Wing,Vermillion Fishfly's wing,9,0,,,000000000000000000000000000000000000000000000000
2,storage,67,4035,Verdigris St. +2,verdigris stone +2,12,0,,,000000000000000000000000000000000000000000000000
2,storage,68,8943,Leaftip Stone +1,leaftip stone +1,10,0,,,000000000000000000000000000000000000000000000000
2,storage,69,8782,Sh.Abjuration: Hd.,shinryu abjuration: head,1,0,,,000000000000000000000000000000000000000000000000
2,storage,70,8786,Sh.Abjuration: Ft.,shinryu abjuration: feet,1,0,,,000000000000000000000000000000000000000000000000
2,storage,71,9110,Ar.Abjuration: Hd.,arean abjuration: head,1,0,,,000000000000000000000000000000000000000000000000
2,storage,72,9113,Ar.Abjuration: Lg.,arean abjuration: legs,1,0,,,000000000000000000000000000000000000000000000000
2,storage,73,5863,Toolbag (Kaben),toolbag (kabenro),5,0,,,000000000000000000000000000000000000000000000000
2,storage,74,4034,Verdigris St. +1,verdigris stone +1,24,0,,,000000000000000000000000000000000000000000000000
2,storage,75,8962,Leaforb Stone +2,leaforb stone +2,1,0,,,000000000000000000000000000000000000000000000000
2,storage,76,1316,D.Abjuration: Hn.,dryadic abjuration: hands,1,0,,,000000000000000000000000000000000000000000000000
2,storage,77,1342,N.Abjuration: Lg.,neptunal abjuration: legs,1,0,,,000000000000000000000000000000000000000000000000
2,storage,78,9205,Sarama's Hide,Sarama's hide,5,0,,,000000000000000000000000000000000000000000000000
2,storage,79,9206,Shedu's Mane,Shedu's mane,6,0,,,000000000000000000000000000000000000000000000000
2,storage,80,8992,Malatrix's Shard,Jester Malatrix's shard,1,0,,,000000000000000000000000000000000000000000000000
4,locker,1,5096,Boost-VIT,scroll of Boost-VIT,1,0,,,000000000000000000000000000000000000000000000000
4,locker,2,6486,Frayed Sack (Pel),frayed sack of fecundity,8,0,,,000000000000000000000000000000000000000000000000
4,locker,3,9002,Plovid Effluvium,vial of plovid effluvium,3,0,,,000000000000000000000000000000000000000000000000
4,locker,4,17405,Fly Lure,fly lure,1,0,,,000000000000000000000000000000000000000000000000
4,locker,5,17316,Bomb Arm,bomb arm,10,0,,,000000000000000000000000000000000000000000000000
4,locker,6,6488,Frayed Sack (Tau),frayed sack of opulence,3,0,,,000000000000000000000000000000000000000000000000
4,locker,7,1637,Bugard Leather,square of bugard leather,12,0,,,000000000000000000000000000000000000000000000000
4,locker,8,20733,Anahera Saber,anahera saber,1,0,,,000000000000000000000000000000000000000000000000
4,locker,9,21216,Nibiru Bow,nibiru bow,1,0,,,000000000000000000000000000000000000000000000000
4,locker,10,1119,Tonberry Coat,Tonberry coat,12,0,,,000000000000000000000000000000000000000000000000
4,locker,11,1313,Siren's Hair,lock of Siren's hair,6,0,,,000000000000000000000000000000000000000000000000
4,locker,12,15330,Hmn. Sune-Ate,hachiman sune-ate,1,0,,,000000000000000000000000000000000000000000000000
4,locker,13,22119,Wochowsen,Wochowsen,1,0,,,000000000000000000000000000000000000000000000000
4,locker,14,717,Mahogany Lbr.,piece of mahogany lumber,4,0,,,000000000000000000000000000000000000000000000000
4,locker,15,27923,Councilor's Garb,councilor's garb,1,0,,,000000000000000000000000000000000000000000000000
4,locker,16,9049,Refractive Crystal,refractive crystal,11,0,,,000000000000000000000000000000000000000000000000
4,locker,17,6592,L. Wing Box,lustreless wing box,32,0,,,000000000000000000000000000000000000000000000000
4,locker,18,2929,Helm of Briareus,helm of Briareus,1,0,,,000000000000000000000000000000000000000000000000
4,locker,19,1469,Wootz Ore,chunk of wootz ore,5,0,,,000000000000000000000000000000000000000000000000
4,locker,20,28063,Councilor's Cuffs,councilor's cuffs,1,0,,,000000000000000000000000000000000000000000000000
4,locker,21,1516,Griffon Hide,griffon hide,1,0,,,000000000000000000000000000000000000000000000000
4,locker,22,4088,Lustreless Wing,lustreless wing,99,0,,,000000000000000000000000000000000000000000000000
4,locker,23,745,Gold Ingot,gold ingot,1,0,,,000000000000000000000000000000000000000000000000
4,locker,24,4088,Lustreless Wing,lustreless wing,99,0,,,000000000000000000000000000000000000000000000000
4,locker,25,4088,Lustreless Wing,lustreless wing,99,0,,,000000000000000000000000000000000000000000000000
4,locker,26,4088,Lustreless Wing,lustreless wing,87,0,,,000000000000000000000000000000000000000000000000
4,locker,27,4680,Barsleep,scroll of Barsleep,1,0,,,000000000000000000000000000000000000000000000000
4,locker,28,9215,Void Grass,tuft of void grass,6,0,,,000000000000000000000000000000000000000000000000
4,locker,29,9208,Celine's Vine,Carousing Celine's vine,7,0,,,000000000000000000000000000000000000000000000000
4,locker,31,6370,Frayed Sack (Mel),frayed sack of splendor,1,0,,,000000000000000000000000000000000000000000000000
4,locker,32,1738,Shakudo Ingot,shakudo ingot,10,0,,,000000000000000000000000000000000000000000000000
4,locker,33,9075,Vulcanite Ore,chunk of vulcanite ore,7,0,,,000000000000000000000000000000000000000000000000
4,locker,34,8752,Cehuetzi Claw,cehuetzi claw,7,0,,,000000000000000000000000000000000000000000000000
4,locker,36,5109,Frayed Sack (A1),frayed sack of abundance +1,3,0,,,000000000000000000000000000000000000000000000000
4,locker,37,5111,Frayed Sack (M1),frayed sack of mortality +1,3,0,,,000000000000000000000000000000000000000000000000
4,locker,38,821,Rainbow Thread,spool of rainbow thread,1,0,,,000000000000000000000000000000000000000000000000
4,locker,39,830,Rainbow Cloth,square of rainbow cloth,1,0,,,000000000000000000000000000000000000000000000000
4,locker,41,9005,Macuil Horn,macuil horn,1,0,,,000000000000000000000000000000000000000000000000
4,locker,42,3990,Coalition Humus,clump of coalition humus,1,0,,,000000000000000000000000000000000000000000000000
4,locker,43,3508,Crystal Petrifact,crystal petrifact,7,0,,,000000000000000000000000000000000000000000000000
4,locker,44,3275,Genbu Scrap,seal of Genbu scrap,6,0,,,000000000000000000000000000000000000000000000000
4,locker,45,1163,Manticore Hair,lock of manticore hair,8,0,,,000000000000000000000000000000000000000000000000
4,locker,46,687,Scarletite Ingot,scarletite ingot,1,0,,,000000000000000000000000000000000000000000000000
4,locker,47,750,Silver Beastcoin,silver beastcoin,1,0,,,000000000000000000000000000000000000000000000000
4,locker,48,9077,Duskcrawler,duskcrawler,12,0,,,000000000000000000000000000000000000000000000000
4,locker,49,9078,Ashweed,tuft of ashweed,12,0,,,000000000000000000000000000000000000000000000000
4,locker,50,1637,Bugard Leather,square of bugard leather,11,0,,,000000000000000000000000000000000000000000000000
4,locker,51,3552,Squamous Hide,squamous hide,6,0,,,000000000000000000000000000000000000000000000000
4,locker,52,9006,Defiant Scarf,defiant scarf,2,0,,,000000000000000000000000000000000000000000000000
4,locker,53,9007,Defiant Sweat,vial of defiant sweat,2,0,,,000000000000000000000000000000000000000000000000
4,locker,54,6541,Worn Sack (SS+1),worn sack of snowslit stones +1,1,0,,,000000000000000000000000000000000000000000000000
4,locker,55,9009,Etched Memory,etched memory,4,0,,,000000000000000000000000000000000000000000000000
4,locker,56,2173,Wam. Cocoon,wamoura cocoon,6,0,,,000000000000000000000000000000000000000000000000
4,locker,58,9061,Hades' Claw,Hades' claw,2,0,,,000000000000000000000000000000000000000000000000
4,locker,59,881,Crab Shell,crab shell,11,0,,,000000000000000000000000000000000000000000000000
4,locker,60,1193,H.Q. Crab Shell,high-quality crab shell,1,0,,,000000000000000000000000000000000000000000000000
4,locker,61,926,Lizard Tail,lizard tail,12,0,,,000000000000000000000000000000000000000000000000
4,locker,62,926,Lizard Tail,lizard tail,12,0,,,000000000000000000000000000000000000000000000000
4,locker,65,9064,Tartarian Chain,Tartarian chain,3,0,,,000000000000000000000000000000000000000000000000
4,locker,68,926,Lizard Tail,lizard tail,9,0,,,000000000000000000000000000000000000000000000000
4,locker,72,4045,Cyclone Cotton,ball of cyclone cotton,1,0,,,000000000000000000000000000000000000000000000000
6,sack,1,9265,A. Tok.: Head +1,Ambuscade token: head +1,1,0,,,000000000000000000000000000000000000000000000000
6,sack,2,9267,A. Tok.: Hands +1,Ambuscade token: hands +1,1,0,,,000000000000000000000000000000000000000000000000
6,sack,3,9240,A. Vou.: Head +1,Ambuscade voucher: head +1,2,0,,,000000000000000000000000000000000000000000000000
6,sack,4,9242,A. Vou.: Hands +1,Ambuscade voucher: hands +1,1,0,,,000000000000000000000000000000000000000000000000
6,sack,5,823,Gold Thread,spool of gold thread,12,0,,,000000000000000000000000000000000000000000000000
6,sack,6,823,Gold Thread,spool of gold thread,12,0,,,000000000000000000000000000000000000000000000000
6,sack,7,3984,G. Seed Pouch,golden seed pouch,12,0,,,000000000000000000000000000000000000000000000000
6,sack,8,3984,G. Seed Pouch,golden seed pouch,12,0,,,000000000000000000000000000000000000000000000000
6,sack,9,3984,G. Seed Pouch,golden seed pouch,12,0,,,000000000000000000000000000000000000000000000000
6,sack,10,3984,G. Seed Pouch,golden seed pouch,12,0,,,000000000000000000000000000000000000000000000000
6,sack,11,9086,Eschalixir +2,eschalixir +2,12,0,,,000000000000000000000000000000000000000000000000
6,sack,12,9203,Tumult's Blood,vial of the Tumult Curator's blood,1,0,,,000000000000000000000000000000000000000000000000
6,sack,13,29317,Storage Slip 06,moogle storage slip 06,1,0,,,0C12388C5049428078884561145460000000000000000000
6,sack,14,20524,Nibiru Sainti,nibiru sainti,1,0,,,000000000000000000000000000000000000000000000000
6,sack,15,9614,Voidtorso: RDM,piece of void torsowear: RDM,3,0,,,000000000000000000000000000000000000000000000000
6,sack,16,3960,Celadon Yggrete,celadon yggrete rock,1,0,,,000000000000000000000000000000000000000000000000
6,sack,17,9281,P. WAR Card,paragon warrior card,63,0,,,000000000000000000000000000000000000000000000000
6,sack,18,9285,P. RDM Card,paragon red mage card,51,0,,,000000000000000000000000000000000000000000000000
6,sack,19,29315,Storage Slip 04,moogle storage slip 04,1,0,,,00004081EF0080FF3F00000000A0F1000000000000000000
6,sack,20,9266,A. Tok.: Body +1,Ambuscade token: body +1,1,0,,,000000000000000000000000000000000000000000000000
6,sack,21,29318,Storage Slip 07,moogle storage slip 07,1,0,,,000000000200000000000000000000000000000000000000
6,sack,22,27854,Mandra. Suit,mandragora suit,1,0,,,000000000000000000000000000000000000000000000000
6,sack,23,9272,A. Vou.: Fingers,Ambuscade voucher: fingers,1,0,,,000000000000000000000000000000000000000000000000
6,sack,24,9780,A. Voucher: Weapon,Ambuscade voucher: weapon,4,0,,,000000000000000000000000000000000000000000000000
6,sack,25,9086,Eschalixir +2,eschalixir +2,12,0,,,000000000000000000000000000000000000000000000000
6,sack,26,2603,Coin of Birth,coin of birth,67,0,,,000000000000000000000000000000000000000000000000
6,sack,27,2605,Coin of Glory,coin of glory,99,0,,,000000000000000000000000000000000000000000000000
6,sack,28,2604,Coin of Adv.,coin of advancement,56,0,,,000000000000000000000000000000000000000000000000
6,sack,29,5947,Frayed Sack (L),frayed sack of liminality,7,0,,,000000000000000000000000000000000000000000000000
6,sack,30,21256,Illapa,Illapa,1,0,,,000000000000000000000000000000000000000000000000
6,sack,31,2521,Gnole Claw,gnole claw,10,0,,,000000000000000000000000000000000000000000000000
6,sack,32,2554,Asphodel,asphodel,3,0,,,000000000000000000000000000000000000000000000000
6,sack,33,9244,A. Vou.: Feet +1,Ambuscade voucher: feet +1,2,0,,,000000000000000000000000000000000000000000000000
6,sack,34,4086,Lustreless Scale,lustreless scale,31,0,,,000000000000000000000000000000000000000000000000
6,sack,35,9271,Abdhaljs Fiber,loop of Abdhaljs fiber,2,0,,,000000000000000000000000000000000000000000000000
6,sack,36,20636,Izhiikoh,izhiikoh,1,0,,,000000000000000000000000000000000000000000000000
6,sack,37,3984,G. Seed Pouch,golden seed pouch,10,0,,,000000000000000000000000000000000000000000000000
6,sack,38,4056,Pachy. Spirit,pachypodium spirit,3,0,,,000000000000000000000000000000000000000000000000
6,sack,39,2606,Coin of Decay,coin of decay,37,0,,,000000000000000000000000000000000000000000000000
6,sack,40,9241,A. Vou.: Body +1,Ambuscade voucher: body +1,1,0,,,000000000000000000000000000000000000000000000000
6,sack,41,9204,Thu'ban's Scale,Thu'ban's scale,5,0,,,000000000000000000000000000000000000000000000000
6,sack,42,9307,Fu's Scale,Fu's scale,3,0,,,000000000000000000000000000000000000000000000000
6,sack,43,29319,Storage Slip 08,moogle storage slip 08,1,0,,,000000000044000000000001000000000000000000000000
6,sack,44,9293,P. NIN Card,paragon ninja card,36,0,,,000000000000000000000000000000000000000000000000
6,sack,45,26955,Behemoth Suit +1,behemoth suit +1,1,0,,,01010088D46B532600000000000000000000000000000000
6,sack,46,26799,Behe. Masque +1,behemoth masque +1,1,0,,,01010088CE6B532600000000000000000000000000000000
6,sack,47,21429,Mephitis Grip,mephitis grip,1,0,,,000000000000000000000000000000000000000000000000
6,sack,48,9243,A. Vou.: Legs +1,Ambuscade voucher: legs +1,1,0,,,000000000000000000000000000000000000000000000000
6,sack,49,21455,Alternator,alternator,1,0,,,000000000000000000000000000000000000000000000000
6,sack,50,9538,Rusted I. Card,rusted identification card,99,0,,,000000000000000000000000000000000000000000000000
6,sack,51,9288,P. DRK Card,paragon dark knight card,5,0,,,000000000000000000000000000000000000000000000000
6,sack,52,27917,Miki. Breastplate,mikinaak breastplate,1,0,,,000000000000000000000000000000000000000000000000
6,sack,53,2607,Coin of Ruin,coin of ruin,99,0,,,000000000000000000000000000000000000000000000000
6,sack,54,2605,Coin of Glory,coin of glory,21,0,,,000000000000000000000000000000000000000000000000
6,sack,55,2596,Rose Scampi,whole rose scampi,1,0,,,000000000000000000000000000000000000000000000000
6,sack,56,26705,Mandra. Masque,mandragora masque,1,0,,,000000000000000000000000000000000000000000000000
6,sack,57,9542,Old I. Card,old identification card,99,0,,,000000000000000000000000000000000000000000000000
6,sack,58,9538,Rusted I. Card,rusted identification card,83,0,,,000000000000000000000000000000000000000000000000
6,sack,59,9294,P. DRG Card,paragon dragoon card,1,0,,,000000000000000000000000000000000000000000000000
6,sack,60,9615,Voidtorso: THF,piece of void torsowear: THF,1,0,,,000000000000000000000000000000000000000000000000
6,sack,61,9540,Black. I. Card,blackened identification card,99,0,,,000000000000000000000000000000000000000000000000
6,sack,62,1035,Oztroja Chest Key,Oztroja chest key,1,0,,,000000000000000000000000000000000000000000000000
6,sack,63,9616,Voidtorso: PLD,piece of void torsowear: PLD,1,0,,,000000000000000000000000000000000000000000000000
6,sack,64,9303,Kin's Scale,Kin's scale,1,0,,,000000000000000000000000000000000000000000000000
6,sack,65,9617,Voidtorso: DRK,piece of void torsowear: DRK,1,0,,,000000000000000000000000000000000000000000000000
6,sack,66,9224,Abdhaljs Resin,container of Abdhaljs resin,8,0,,,000000000000000000000000000000000000000000000000
6,sack,67,15846,Heron Ring,heron ring,1,0,,,000000000000000000000000000000000000000000000000
6,sack,68,9222,Abdhaljs Dye,pot of Abdhaljs dye,5,0,,,000000000000000000000000000000000000000000000000
6,sack,69,9542,Old I. Card,old identification card,1,0,,,000000000000000000000000000000000000000000000000
6,sack,70,3511,Devious Die,devious die,37,0,,,000000000000000000000000000000000000000000000000
6,sack,71,2607,Coin of Ruin,coin of ruin,10,0,,,000000000000000000000000000000000000000000000000
6,sack,72,3501,Liminal Residue,pouch of liminal residue,45,0,,,000000000000000000000000000000000000000000000000
6,sack,73,9540,Black. I. Card,blackened identification card,14,0,,,000000000000000000000000000000000000000000000000
6,sack,74,9622,Voidtorso: NIN,piece of void torsowear: NIN,1,0,,,000000000000000000000000000000000000000000000000
6,sack,75,3511,Devious Die,devious die,18,0,,,000000000000000000000000000000000000000000000000
6,sack,76,9086,Eschalixir +2,eschalixir +2,11,0,,,000000000000000000000000000000000000000000000000
6,sack,77,9781,A. Voucher: Back,Ambuscade voucher: back,1,0,,,000000000000000000000000000000000000000000000000
6,sack,78,9268,A. Tok.: Legs +1,Ambuscade token: legs +1,1,0,,,000000000000000000000000000000000000000000000000
7,case,1,16509,Aspir Knife,aspir knife,1,0,,,000000000000000000000000000000000000000000000000
7,case,2,749,Mtl. Beastcoin,mythril beastcoin,12,0,,,000000000000000000000000000000000000000000000000
7,case,3,4678,Barthundra,scroll of Barthundra,1,0,,,000000000000000000000000000000000000000000000000
7,case,4,5099,Boost-MND,scroll of Boost-MND,1,0,,,000000000000000000000000000000000000000000000000
7,case,5,1126,Beastmen's Seal,beastmen's seal,99,0,,,000000000000000000000000000000000000000000000000
7,case,6,27223,Feast Hose,feast hose,1,0,,,000000000000000000000000000000000000000000000000
7,case,7,11759,Thunder Belt,thunder belt,1,0,,,000000000000000000000000000000000000000000000000
7,case,8,1236,Cactus Stems,bag of cactus stems,12,0,,,000000000000000000000000000000000000000000000000
7,case,9,748,Gold Beastcoin,gold beastcoin,4,0,,,000000000000000000000000000000000000000000000000
7,case,10,1126,Beastmen's Seal,beastmen's seal,99,0,,,000000000000000000000000000000000000000000000000
7,case,11,749,Mtl. Beastcoin,mythril beastcoin,12,0,,,000000000000000000000000000000000000000000000000
7,case,12,841,Yagudo Feather,Yagudo feather,3,0,,,000000000000000000000000000000000000000000000000
7,case,14,4919,Blizzara II,scroll of Blizzara II,1,0,,,000000000000000000000000000000000000000000000000
7,case,15,582,Meteorite,meteorite,1,0,,,000000000000000000000000000000000000000000000000
7,case,16,1126,Beastmen's Seal,beastmen's seal,99,0,,,000000000000000000000000000000000000000000000000
7,case,17,657,Tama-Hagane,lump of tama-hagane,6,0,,,000000000000000000000000000000000000000000000000
7,case,18,837,Malboro Fiber,spool of malboro fiber,12,0,,,000000000000000000000000000000000000000000000000
7,case,19,4756,Fire V,scroll of Fire V,1,0,,,000000000000000000000000000000000000000000000000
7,case,20,749,Mtl. Beastcoin,mythril beastcoin,4,0,,,000000000000000000000000000000000000000000000000
7,case,21,553,Dangruf Stone,Dangruf stone,1,0,,,000000000000000000000000000000000000000000000000
7,case,22,813,Angelstone,angelstone,1,0,,,000000000000000000000000000000000000000000000000
7,case,23,606,Fetich Head,Quadav fetich head,1,0,,,000000000000000000000000000000000000000000000000
7,case,25,5071,Foe Lullaby,scroll of Foe Lullaby,1,0,,,000000000000000000000000000000000000000000000000
7,case,26,1126,Beastmen's Seal,beastmen's seal,7,0,,,000000000000000000000000000000000000000000000000
7,case,27,4741,Shellra IV,scroll of Shellra IV,1,0,,,000000000000000000000000000000000000000000000000
7,case,28,1418,Gem of the East,gem of the east,1,0,,,000000000000000000000000000000000000000000000000
7,case,29,4011,Grow-M-Good,flask of Grow-M-Good,1,0,,,000000000000000000000000000000000000000000000000
7,case,30,4870,Warp II,scroll of Warp II,1,0,,,000000000000000000000000000000000000000000000000
7,case,31,4804,Thundaga III,scroll of Thundaga III,1,0,,,000000000000000000000000000000000000000000000000
7,case,32,8710,Buried Vestige,vestige of a buried trait,1,0,,,000000000000000000000000000000000000000000000000
7,case,33,750,Silver Beastcoin,silver beastcoin,4,0,,,000000000000000000000000000000000000000000000000
7,case,34,5052,Light Carol,scroll of Light Carol,1,0,,,000000000000000000000000000000000000000000000000
7,case,36,4803,Thundaga II,scroll of Thundaga II,1,0,,,000000000000000000000000000000000000000000000000
7,case,37,862,Behem. Leather,square of behemoth leather,8,0,,,000000000000000000000000000000000000000000000000
7,case,38,1311,Oxblood,piece of oxblood,11,0,,,000000000000000000000000000000000000000000000000
7,case,39,914,Mercury,vial of mercury,2,0,,,000000000000000000000000000000000000000000000000
7,case,40,1110,Beetle Blood,vial of black beetle blood,10,0,,,000000000000000000000000000000000000000000000000
7,case,41,8974,Harold's Ore,chunk of Hugemaw Harold's red ore,2,0,,,000000000000000000000000000000000000000000000000
7,case,42,844,Phoenix Feather,phoenix feather,8,0,,,000000000000000000000000000000000000000000000000
7,case,44,11758,Soil Belt,soil belt,1,0,,,000000000000000000000000000000000000000000000000
7,case,46,2461,Rusty Medal,rusty medal,1,0,,,000000000000000000000000000000000000000000000000
7,case,47,1533,Silver Engraving,silver engraving,1,0,,,000000000000000000000000000000000000000000000000
7,case,53,1575,Runaeic Fragment,runaeic fragment,1,0,,,000000000000000000000000000000000000000000000000
7,case,57,20781,Sowilo Claymore,sowilo claymore,1,0,,,000000000000000000000000000000000000000000000000
7,case,58,1187,Bomb Queen Ash,pinch of bomb queen ash,1,0,,,000000000000000000000000000000000000000000000000
7,case,59,3895,Rala Visage I,Rala visage I,2,0,,,000000000000000000000000000000000000000000000000
7,case,61,9059,Azrael's Eye,Azrael's eye,3,0,,,000000000000000000000000000000000000000000000000
7,case,62,1199,Northern Fur,northern fur,1,0,,,000000000000000000000000000000000000000000000000
7,case,63,4997,Knight's Minne,scroll of Knight's Minne,1,0,,,000000000000000000000000000000000000000000000000
7,case,64,8990,Largantua's Shard,Largantua's shard,2,0,,,000000000000000000000000000000000000000000000000
7,case,66,2812,Aptant: Aecus,aptant of aecus,1,0,,,000000000000000000000000000000000000000000000000
7,case,67,3303,Light Geode,light geode,1,0,,,000000000000000000000000000000000000000000000000
7,case,68,3227,Voyage Coin,coin of voyage,1,0,,,000000000000000000000000000000000000000000000000
7,case,71,5078,Sentinel's Scherzo,scroll of Sentinel's Scherzo,1,0,,,000000000000000000000000000000000000000000000000
7,case,72,1420,Gem of the South,gem of the south,1,0,,,000000000000000000000000000000000000000000000000
7,case,73,1422,Gem of the West,gem of the west,1,0,,,000000000000000000000000000000000000000000000000
7,case,74,1783,Luminian Tissue,sample of Luminian tissue,1,0,,,000000000000000000000000000000000000000000000000
7,case,75,1819,Luminion Chip,Luminion chip,7,0,,,000000000000000000000000000000000000000000000000
7,case,76,5059,Water Carol II,scroll of Water Carol II,1,0,,,000000000000000000000000000000000000000000000000
7,case,77,2585,Vinegar Pie,vinegar pie,1,0,,,000000000000000000000000000000000000000000000000
8,wardrobe,1,23751,Heidrek Boots,Heidrek boots,1,0,,,000000000000000000000000000000000000000000000000
8,wardrobe,2,23748,Heidrek Brais,Heidrek brais,1,0,,,000000000000000000000000000000000000000000000000
8,wardrobe,3,27251,Heath. Flanchard,heathen's flanchard,1,0,,,000000000000000000000000000000000000000000000000
8,wardrobe,4,27245,Leth. Fuseau,lethargy fuseau,1,0,,,000000000000000000000000000000000000000000000000
8,wardrobe,5,18612,Ram Staff,Ram staff,1,0,,,010100C8B821602600000000000000000000000000000000
8,wardrobe,6,23745,Heidrek Gloves,Heidrek gloves,1,0,,,000000000000000000000000000000000000000000000000
8,wardrobe,7,26748,Lethargy Chappel,lethargy chappel,1,0,,,000000000000000000000000000000000000000000000000
8,wardrobe,8,26913,Heath. Cuirass +1,heathen's cuirass +1,1,0,,,000000000000000000000000000000000000000000000000
8,wardrobe,9,27077,Hattori Tekko +1,hattori tekko +1,1,0,,,000000000000000000000000000000000000000000000000
8,wardrobe,10,12055,Bale Gauntlets,bale gauntlets,1,0,,,000000000000000000000000000000000000000000000000
8,wardrobe,11,20710,Nibiru Blade,nibiru blade,1,0,,,000000000000000000000000000000000000000000000000
8,wardrobe,12,23742,Heidrek Harness,Heidrek harness,1,0,,,000000000000000000000000000000000000000000000000
8,wardrobe,13,17698,Princely Sword,princely sword,1,0,,,000000000000000000000000000000000000000000000000
8,wardrobe,14,23739,Heidrek Mask,Heidrek mask,1,0,,,000000000000000000000000000000000000000000000000
8,wardrobe,15,21748,Habilitator,Habilitator,1,0,,,000000000000000000000000000000000000000000000000
8,wardrobe,16,22057,Contemplator,Contemplator,1,0,,,000000000000000000000000000000000000000000000000
8,wardrobe,17,12095,Bale Sollerets,bale sollerets,1,0,,,000000000000000000000000000000000000000000000000
8,wardrobe,18,26907,Lethargy Sayon +1,lethargy sayon +1,1,0,,,000000000000000000000000000000000000000000000000
8,wardrobe,19,16482,Onion Dagger,onion dagger,1,0,,,000000000000000000000000000000000000000000000000
8,wardrobe,20,27061,Leth. Gantherots +1,lethargy gantherots +1,1,0,,,000000000000000000000000000000000000000000000000
8,wardrobe,21,20576,Qutrub Knife,Qutrub knife,1,0,,,000000000000000000000000000000000000000000000000
8,wardrobe,22,27420,Leth. Houseaux +1,lethargy houseaux +1,1,0,,,000000000000000000000000000000000000000000000000
8,wardrobe,23,17648,Dragvandil,Dragvandil,1,0,,,000000000000000000000000000000000000000000000000
8,wardrobe,24,18913,Ark Sword,ark sword,1,0,,,010100C87A33281E00000000000000000000000000000000
8,wardrobe,25,17284,Chakram,chakram,1,0,,,000000000000000000000000000000000000000000000000
8,wardrobe,26,20713,Excalipoor,Excalipoor,1,0,,,000000000000000000000000000000000000000000000000
8,wardrobe,27,17074,Chocobo Wand,chocobo wand,1,0,,,000000000000000000000000000000000000000000000000
8,wardrobe,30,14672,Tavnazian Ring,Tavnazian ring,1,0,,,010100C846E33A2200000000000000000000000000000000
8,wardrobe,33,14539,Kyudogi,kyudogi,1,0,,,000000000000000000000000000000000000000000000000
8,wardrobe,37,11287,Antares Harness,antares harness,1,0,,,000000000000000000000000000000000000000000000000
8,wardrobe,41,13275,Arachne Obi,Arachne obi,1,0,,,000000000000000000000000000000000000000000000000
8,wardrobe,43,12515,Gallant Coronet,gallant coronet,1,0,,,000000000000000000000000000000000000000000000000
8,wardrobe,44,11741,Sentry Belt,sentry belt,1,0,,,000000000000000000000000000000000000000000000000
8,wardrobe,45,13690,Forager's Mantle,forager's mantle,1,0,,,000000000000000000000000000000000000000000000000
8,wardrobe,46,15965,Ethereal Earring,ethereal earring,1,0,,,000000000000000000000000000000000000000000000000
8,wardrobe,48,16212,Cerberus Mantle,Cerberus mantle,1,0,,,000000000000000000000000006A7ACAD000000000000000
8,wardrobe,49,13591,Behemoth Mantle,behemoth mantle,1,0,,,000000000000000000000000000000000000000000000000
8,wardrobe,53,14631,Vulcan's Ring,Vulcan's ring,1,0,,,000000000000000000000000000000000000000000000000
8,wardrobe,60,13106,Ryl.Grd. Collar,Royal Guard's collar,1,0,,,000000000000000000000000000000000000000000000000
8,wardrobe,61,15884,Potent Belt,potent belt,1,0,,,000000000000000000000000000000000000000000000000
8,wardrobe,77,13722,Ryl.Kgt. Aketon,Royal Knight's aketon,1,0,,,000000000000000000000000000000000000000000000000
9,safe2,1,3202,Iga Seal: Ft.,iga seal: feet,4,0,,,000000000000000000000000000000000000000000000000
9,safe2,2,391,Cerulean Desk,cerulean desk,1,0,,,004100000000020015000000000000000000000000000000
9,safe2,3,100,Okadomatsu,okadomatsu,1,0,,,0041000000000F0017000000000000000000000000000000
9,safe2,4,176,Snowman Knight,snowman knight,1,0,,,004100000000000018000000000000000000000000000000
9,safe2,5,1872,Ghrah M Chip,ghrah M chip,1,0,,,000000000000000000000000000000000000000000000000
9,safe2,6,1786,Aern Organ,aern organ,1,0,,,000000000000000000000000000000000000000000000000
9,safe2,7,572,Herb Seeds,bag of herb seeds,11,0,,,000000000000000000000000000000000000000000000000
9,safe2,8,573,Vegetable Seeds,bag of vegetable seeds,6,0,,,000000000000000000000000000000000000000000000000
9,safe2,9,574,Fruit Seeds,bag of fruit seeds,4,0,,,000000000000000000000000000000000000000000000000
9,safe2,10,575,Grain Seeds,bag of grain seeds,3,0,,,000000000000000000000000000000000000000000000000
9,safe2,11,5312,Toolbag (Hira),toolbag (hiraishin),3,0,,,000000000000000000000000000000000000000000000000
9,safe2,12,2235,Wildgrass Seeds,bag of wildgrass seeds,1,0,,,000000000000000000000000000000000000000000000000
9,safe2,13,19195,Antlion Arrow,antlion arrow,99,0,,,000000000000000000000000000000000000000000000000
9,safe2,14,19195,Antlion Arrow,antlion arrow,99,0,,,000000000000000000000000000000000000000000000000
9,safe2,15,5819,Antlion Quiver,antlion quiver,6,0,,,000000000000000000000000000000000000000000000000
9,safe2,16,3206,Nvrch. Seal: Ft.,navarch's seal: feet,4,0,,,000000000000000000000000000000000000000000000000
9,safe2,17,4154,Holy Water,flask of holy water,4,0,,,000000000000000000000000000000000000000000000000
9,safe2,18,4124,Max-Potion,max-potion,1,0,,,000000000000000000000000000000000000000000000000
9,safe2,19,1449,T. Whiteshell,Tukuku whiteshell,55,0,,,000000000000000000000000000000000000000000000000
9,safe2,20,1452,O. Bronzepiece,Ordelle bronzepiece,83,0,,,000000000000000000000000000000000000000000000000
9,safe2,21,1455,1 Byne Bill,one byne bill,58,0,,,000000000000000000000000000000000000000000000000
9,safe2,22,1173,Hiraishin,hiraishin,99,0,,,000000000000000000000000000000000000000000000000
9,safe2,23,18278,Relic Blade,relic blade,1,0,,,000000000000000000000000000000000000000000000000
9,safe2,24,18302,Relic Scythe,relic scythe,1,0,,,000000000000000000000000000000000000000000000000
9,safe2,25,3208,Charis Seal: Ft.,charis seal: feet,4,0,,,000000000000000000000000000000000000000000000000
9,safe2,26,1173,Hiraishin,hiraishin,99,0,,,000000000000000000000000000000000000000000000000
9,safe2,27,1470,Sparkling Stone,sparkling stone,1,0,,,000000000000000000000000000000000000000000000000
9,safe2,28,1173,Hiraishin,hiraishin,99,0,,,000000000000000000000000000000000000000000000000
9,safe2,29,645,Darksteel Ore,chunk of darksteel ore,2,0,,,000000000000000000000000000000000000000000000000
9,safe2,30,648,Copper Ingot,copper ingot,4,0,,,000000000000000000000000000000000000000000000000
9,safe2,31,649,Bronze Ingot,bronze ingot,8,0,,,000000000000000000000000000000000000000000000000
9,safe2,32,652,Steel Ingot,steel ingot,6,0,,,000000000000000000000000000000000000000000000000
9,safe2,33,660,Bronze Sheet,bronze sheet,12,0,,,000000000000000000000000000000000000000000000000
9,safe2,34,1173,Hiraishin,hiraishin,99,0,,,000000000000000000000000000000000000000000000000
9,safe2,35,277,Prishe Statue,Prishe statue,1,0,,,004100000000040516020000000000000000000000000000
9,safe2,36,1173,Hiraishin,hiraishin,99,0,,,000000000000000000000000000000000000000000000000
9,safe2,37,1173,Hiraishin,hiraishin,99,0,,,000000000000000000000000000000000000000000000000
9,safe2,38,1173,Hiraishin,hiraishin,99,0,,,000000000000000000000000000000000000000000000000
9,safe2,39,136,Kaiserin Cosme.,set of Kaiserin Cosmetics,1,0,,,004100000000020516000000000000000000000000000000
9,safe2,40,4064,Rem's Tale Ch.1,"copy of Rem's Tale, chapter 1",2,0,,,000000000000000000000000000000000000000000000000
9,safe2,41,4065,Rem's Tale Ch.2,"copy of Rem's Tale, chapter 2",2,0,,,000000000000000000000000000000000000000000000000
9,safe2,42,1164,Tsurara,tsurara,85,0,,,000000000000000000000000000000000000000000000000
9,safe2,43,1173,Hiraishin,hiraishin,29,0,,,000000000000000000000000000000000000000000000000
9,safe2,44,4066,Rem's Tale Ch.3,"copy of Rem's Tale, chapter 3",2,0,,,000000000000000000000000000000000000000000000000
9,safe2,45,4070,Rem's Tale Ch.7,"copy of Rem's Tale, chapter 7",1,0,,,000000000000000000000000000000000000000000000000
10,wardrobe2,1,26420,Adapa Shield,Adapa shield,1,0,,,000000000000000000000000000000000000000000000000
10,wardrobe2,2,20900,Meekculler,Meekculler,1,0,,,000000000000000000000000000000000000000000000000
10,wardrobe2,3,12755,Elvaan Gloves,Elvaan gloves,1,0,,,000000000000000000000000000000000000000000000000
10,wardrobe2,4,26490,Ark Shield,ark shield,1,0,,,000000000000000000000000000000000000000000000000
10,wardrobe2,5,21883,Shining One,Shining One,1,5,,,000000000000000000000000000000000000000000000000
10,wardrobe2,6,11538,Nexus Cape,nexus cape,1,0,,,01010088C273DB2600000000000000000000000000000000
10,wardrobe2,7,16120,Redeyes,redeyes,1,0,,,01010088FED69B2600000000000000000000000000000000
10,wardrobe2,8,21038,Senkuto,Senkuto,1,0,,,000000000000000000000000000000000000000000000000
10,wardrobe2,9,27556,Echad Ring,echad ring,1,0,,,010100C8A0F0692600000000000000000000000000000000
10,wardrobe2,10,13495,San d'Orian Ring,San d'Orian ring,1,0,,,000000000000000000000000000000000000000000000000
10,wardrobe2,11,25555,Ratri Sallet,Ratri sallet,1,0,,,000000000000000000000000000000000000000000000000
10,wardrobe2,12,28632,Cornflower Cape,cornflower cape,1,0,,,000000000000000000000000000000000000000000000000
10,wardrobe2,13,28605,Samanisi Cape,samanisi cape,1,0,,,000000000000000000000000000000000000000000000000
10,wardrobe2,14,21963,Beryllium Tachi,beryllium tachi,1,0,,,000000000000000000000000000000000000000000000000
10,wardrobe2,15,12633,Elvaan Jerkin,Elvaan jerkin,1,0,,,000000000000000000000000000000000000000000000000
10,wardrobe2,16,26215,Menelaus's Ring,Menelaus's ring,1,0,,,000000000000000000000000000000000000000000000000
10,wardrobe2,17,28548,Barataria Ring,barataria ring,1,0,,,000000000000000000000000000000000000000000000000
10,wardrobe2,18,21021,Umaru,Umaru,1,0,,,000000000000000000000000000000000000000000000000
10,wardrobe2,19,12885,Elv. M Chausses,Elvaan M chausses,1,0,,,000000000000000000000000000000000000000000000000
10,wardrobe2,20,21159,Marin Staff,marin staff,1,0,,,000000000000000000000000000000000000000000000000
10,wardrobe2,21,22213,Enki Strap,Enki strap,1,0,,,000000000000000000000000000000000000000000000000
10,wardrobe2,22,15543,Rajas Ring,rajas ring,1,0,,,000000000000000000000000000000000000000000000000
10,wardrobe2,23,26026,Shulmanu Collar,Shulmanu collar,1,0,,,000000000000000000000000000000000000000000000000
10,wardrobe2,24,25601,Blistering Sallet,blistering sallet,1,0,,,000000000000000000000000000000000000000000000000
10,wardrobe2,25,11992,Warlock's Torque,warlock's torque,1,0,,MND+1;Mag. Acc.+1,024300000000050223004C91000000000000000000000000
10,wardrobe2,26,14657,Dcl.Grd. Ring,Ducal Guard's ring,1,0,,,010500805F31361E00000000000000000000000000000000
10,wardrobe2,27,19611,Anarchy +2,anarchy +2,1,0,,Delay:+60;TP Bonus +1000,02430000F1DA61990000628A000000000000000000000000
10,wardrobe2,28,28648,Priwen,Priwen,1,0,,,000000000000000000000000000000000000000000000000
10,wardrobe2,29,25920,Ahosi Leggings,ahosi leggings,1,0,,,000000000000000000000000000000000000000000000000
10,wardrobe2,30,21687,Takoba,Takoba,1,0,,,000000000000000000000000000000000000000000000000
10,wardrobe2,31,22056,Gozuki Mezuki,Gozuki Mezuki,1,0,,,000000000000000000000000000000000000000000000000
10,wardrobe2,32,16995,Rotten Meat,piece of rotten meat,11,0,,,000000000000000000000000000000000000000000000000
10,wardrobe2,33,22054,Grioavolr,Grioavolr,1,0,,"Enh. Mag. eff. dur. +8;MP+25;Mag. Acc.+20;""Mag.Atk.Bns.""+25",0203E03C09C0239885C00000000000000000000000000000
10,wardrobe2,34,13006,Elv. M Ledelsens,Elvaan M ledelsens,1,0,,,000000000000000000000000000000000000000000000000
10,wardrobe2,35,20756,Soulcleaver,Soulcleaver,1,0,,,000000000000000000000000000000000000000000000000
10,wardrobe2,36,22270,Expeditious Pinion,expeditious pinion,1,0,,,000000000000000000000000000000000000000000000000
10,wardrobe2,37,27614,Xucau Mantle,xucau mantle,1,0,,,000000000000000000000000000000000000000000000000
10,wardrobe2,38,12158,Ebur Harness,ebur harness,1,0,,,000000000000000000000000000000000000000000000000
10,wardrobe2,39,25490,Ninja Nodowa +1,ninja nodowa +1,1,0,18,Path: A,03830000080CC802D3000000006B69C30A69CBD940000000
10,wardrobe2,40,28437,Flume Belt +1,flume belt +1,1,5,,,000000000000000000000000000000000000000000000000
10,wardrobe2,41,11762,Shadow Belt,shadow belt,1,0,,,000000000000000000000000000000000000000000000000
10,wardrobe2,42,27587,Karieyh Ring,Karieyh ring,1,0,,,000000000000000000000000000000000000000000000000
10,wardrobe2,43,28368,Ygnas's Resolve +1,Ygnas's Resolve +1,1,0,,,000000000000000000000000000000000000000000000000
10,wardrobe2,44,28540,Warp Ring,warp ring,1,0,,,01010088FB463D2D00000000000000000000000000000000
10,wardrobe2,45,25757,Wyrmking Suit +1,wyrmking suit +1,1,0,,,010100881AC2822300000000000000000000000000000000
10,wardrobe2,46,25658,Wyrm. Masque +1,wyrmking masque +1,1,0,,,0101008814C2822300000000000000000000000000000000
10,wardrobe2,47,17395,Lugworm,lugworm,90,0,,,000000000000000000000000000000000000000000000000
10,wardrobe2,48,21090,Loxotic Mace,loxotic mace,1,0,,,000000000000000000000000000000000000000000000000
10,wardrobe2,49,22040,Daybreak,Daybreak,1,0,,,000000000000000000000000000000000000000000000000
10,wardrobe2,50,21754,Aganoshe,Aganoshe,1,0,,STR+15;Accuracy+2;Attack+27;DMG:+29,02030072170819D02DE00000000000000000000000000000
10,wardrobe2,51,26696,Pixie Hairpin +1,pixie hairpin +1,1,0,,,000000000000000000000000000000000000000000000000
10,wardrobe2,52,23756,Gleti's Mask,Gleti's mask,1,0,,,000000000000000000000000000000000000000000000000
10,wardrobe2,53,23763,Gleti's Cuirass,Gleti's cuirass,1,0,,,000000000000000000000000000000000000000000000000
10,wardrobe2,54,23770,Gleti's Gauntlets,Gleti's gauntlets,1,0,,,000000000000000000000000000000000000000000000000
10,wardrobe2,55,23777,Gleti's Breeches,Gleti's breeches,1,0,,,000000000000000000000000000000000000000000000000
10,wardrobe2,56,23784,Gleti's Boots,Gleti's boots,1,0,,,000000000000000000000000000000000000000000000000
10,wardrobe2,57,20890,Anguta,Anguta,1,0,7,Path: A,0383000038041C0013010000000000000000000000000000
10,wardrobe2,58,25505,Beck. Earring +1,beckoner's earring +1,1,0,,System: 1 ID: 1676 Val: 0;Pet: Accuracy+11 Pet: Rng. Acc.+11;Pet: Mag. Acc.+11;Damage taken-3%,02038C066050645047100000000000000000000000000000
10,wardrobe2,59,17384,Carbon Fish. Rod,carbon fishing rod,1,0,,,000000000000000000000000000000000000000000000000
10,wardrobe2,60,27147,Redan Gloves,redan gloves,1,0,,,000000000000000000000000000000000000000000000000
10,wardrobe2,68,17400,Sinking Minnow,sinking minnow,1,0,,,000000000000000000000000000000000000000000000000
10,wardrobe2,69,10253,Decennial Coat +1,decennial coat +1,1,0,,,010100C8B9A3532600000000000000000000000000000000
10,wardrobe2,70,10595,Decennial Tights +1,decennial tights +1,1,0,,,010100881B403A2D00000000000000000000000000000000
10,wardrobe2,71,11853,Novennial Coat,novennial coat,1,0,,,000000000000000000000000000000000000000000000000
10,wardrobe2,72,17407,Minnow,minnow,1,0,,,000000000000000000000000000000000000000000000000
10,wardrobe2,73,11956,Novennial Hose,novennial hose,1,0,,,000000000000000000000000000000000000000000000000
10,wardrobe2,74,10432,Decennial Crown +1,decennial crown +1,1,0,,,010100C8AEA3532600000000000000000000000000000000
10,wardrobe2,75,16378,Dinner Hose,dinner hose,1,0,,,000000000000000000000000000000000000000000000000
10,wardrobe2,76,11355,Dinner Jacket,dinner jacket,1,0,,,000000000000000000000000000000000000000000000000
10,wardrobe2,78,26546,Moogle Shirt,moogle shirt,1,0,,,010100885451522600000000000000000000000000000000
11,wardrobe3,1,20605,Odium,Odium,1,0,,,000000000000000000000000000000000000000000000000
11,wardrobe3,2,23410,Mochi. Hatsuburi +3,mochizuki hatsuburi +3,1,0,,"Enhances ""Yonin"" and ""Innin"" effect",024300000000780500005695000000000000000000000000
11,wardrobe3,3,20677,Colada,Colada,1,0,,,000000000000000000000000000000000000000000000000
11,wardrobe3,4,21637,Sakpata's Sword,Sakpata's sword,1,0,,,000000000000000000000000000000000000000000000000
11,wardrobe3,5,28633,Gunslinger's Cape,gunslinger's cape,1,0,,,000000000000000000000000000000000000000000000000
11,wardrobe3,6,21363,Hasty Pinion +1,hasty pinion +1,1,0,,,000000000000000000000000000000000000000000000000
11,wardrobe3,7,26176,Dim. Ring (Holla),dimensional ring (Holla),1,0,,,010100C8731EE52600000000000000000000000000000000
11,wardrobe3,8,27644,Blurred Shield +1,blurred shield +1,1,0,,,000000000000000000000000000000000000000000000000
11,wardrobe3,9,26258,Andartia's Mantle,Andartia's mantle,1,0,,"DEX+20;Accuracy+20 Attack+20;DEX+1;""Dbl.Atk.""+10;Damage taken-2%",0203019A449801028F484708000000000000000000000000
11,wardrobe3,10,26208,Jhakri Ring,jhakri ring,1,0,,,000000000000000000000000000000000000000000000000
11,wardrobe3,11,27514,Empath Necklace,empath necklace,1,0,,,000000000000000000000000000000000000000000000000
11,wardrobe3,12,21635,Malignance Sword,malignance sword,1,0,,,000000000000000000000000000000000000000000000000
11,wardrobe3,13,22297,Aurgelmir Orb,Aurgelmir orb,1,5,,,000000000000000000000000000000000000000000000000
11,wardrobe3,14,23606,Fall. Flanchard +3,fallen's flanchard +3,1,0,,"Enhances ""Muted Soul"" effect",0243000000005C0500009395000000000000000000000000
11,wardrobe3,15,26259,Brigantia's Mantle,Brigantia's mantle,1,0,,,000000000000000000000000000000000000000000000000
11,wardrobe3,16,23539,Fall. Fin. Gaunt. +3,fallen's finger gauntlets +3,1,0,,"Enhances ""Diabolic Eye"" effect",0243000000005B0500007D95000000000000000000000000
11,wardrobe3,17,27630,Thuellaic Ecu +1,thuellaic ecu +1,1,0,,,000000000000000000000000000000000000000000000000
11,wardrobe3,18,23678,Mochi. Kyahan +3,mochizuki kyahan +3,1,0,,Enh. Ninj. Mag. Acc/Cast Time Red.,0243000000007B050000AE95000000000000000000000000
11,wardrobe3,19,25883,Jhakri Slops +2,jhakri slops +2,1,0,,,000000000000000000000000000000000000000000000000
11,wardrobe3,20,22206,Gracile Grip,gracile grip,1,5,,,000000000000000000000000000000000000000000000000
11,wardrobe3,21,21564,Kaja Knife,kaja knife,1,0,,,000000000000000000000000000000000000000000000000
11,wardrobe3,22,21227,Hangaku-no-Yumi,Hangaku-no-Yumi,1,0,,,000000000000000000000000000000000000000000000000
11,wardrobe3,23,27230,Zoar Subligar,zoar subligar,1,0,,,000000000000000000000000000000000000000000000000
11,wardrobe3,24,27548,Odnowa Earring,odnowa earring,1,5,,,000000000000000000000000000000000000000000000000
11,wardrobe3,25,27541,Cessance Earring,cessance earring,1,0,,,000000000000000000000000000000000000000000000000
11,wardrobe3,26,28549,Enlivened Ring,enlivened ring,1,0,,,000000000000000000000000000000000000000000000000
11,wardrobe3,27,22253,Falcon Eye,falcon eye,1,0,,,000000000000000000000000000000000000000000000000
11,wardrobe3,28,25795,Ayanmo Corazza +2,ayanmo corazza +2,1,0,,,000000000000000000000000000000000000000000000000
11,wardrobe3,29,25798,Mummu Jacket +2,Mummu jacket +2,1,0,,,000000000000000000000000000000000000000000000000
11,wardrobe3,30,25832,Jhakri Cuffs +2,jhakri cuffs +2,1,0,,,000000000000000000000000000000000000000000000000
11,wardrobe3,31,21431,Coiste Bodhar,Coiste Bodhar,1,0,12,Path: A,03830000CC053001CB010000000000000000000000000000
11,wardrobe3,32,21621,Naegling,Naegling,1,0,,,000000000000000000000000000000000000000000000000
11,wardrobe3,33,27574,Shiva Ring,Shiva ring,1,0,,,000000000000000000000000000000000000000000000000
11,wardrobe3,34,27574,Shiva Ring,Shiva ring,1,0,,,000000000000000000000000000000000000000000000000
11,wardrobe3,36,28415,Eschan Stone,eschan stone,1,0,,,000000000000000000000000000000000000000000000000
11,wardrobe3,37,25716,Odyss. Chestplate,odyssean chestplate,1,0,,"""Mag.Atk.Bns.""+7;""Fast Cast""+4",020385308C18000000000000000000000000000000000000
11,wardrobe3,38,27555,Warden's Ring,warden's ring,1,5,,,000000000000000000000000000000000000000000000000
11,wardrobe3,39,28582,Locus Ring,locus ring,1,0,,,000000000000000000000000000000000000000000000000
11,wardrobe3,40,27138,Odyssean Gauntlets,odyssean gauntlets,1,0,,Accuracy+11 Attack+11;Weapon skill damage +4%;MND+1;Accuracy+13;Attack+11,020344504719050217601950000000000000000000000000
11,wardrobe3,41,25840,Odyssean Cuisses,odyssean cuisses,1,0,,"""Mag.Atk.Bns.""+16;""Fast Cast""+4;MND+1",020385788C18050200000000000000000000000000000000
11,wardrobe3,43,26246,Cichol's Mantle,Cichol's mantle,1,0,,"STR+20;Accuracy+20 Attack+20;""Dbl.Atk.""+10",0203009A449800008F480000000000000000000000000000
11,wardrobe3,44,26211,Flamma Ring,flamma ring,1,0,,,000000000000000000000000000000000000000000000000
11,wardrobe3,45,20702,Emissary,emissary,1,0,15,DMG:+15;Accuracy+15;Attack+15,02233C00AAFB1C0E0C0E080E000000000000000000000000
11,wardrobe3,46,27494,Odyssean Greaves,odyssean greaves,1,0,,"""Fast Cast""+4;CHR+1;""Mag.Atk.Bns.""+14",02038C180602856800000000000000000000000000000000
11,wardrobe3,47,28514,Friomisi Earring,friomisi earring,1,0,,,000000000000000000000000000000000000000000000000
11,wardrobe3,48,25720,Chironic Doublet,chironic doublet,1,0,,,000000000000000000000000000000000000000000000000
11,wardrobe3,49,26080,Mache Earring,mache earring,1,0,,,000000000000000000000000000000000000000000000000
11,wardrobe3,51,26107,Thrud Earring,Thrud earring,1,0,,,000000000000000000000000000000000000000000000000
11,wardrobe3,52,11697,Moonshade Earring,moonshade earring,1,0,,Attack+4;TP Bonus +250,020319186121000000000000000000000000000000000000
11,wardrobe3,53,11672,Mujin Band,mujin band,1,0,,,000000000000000000000000000000000000000000000000
11,wardrobe3,54,25953,Flam. Gambieras +2,flamma gambieras +2,1,0,,,000000000000000000000000000000000000000000000000
11,wardrobe3,55,27523,Caro Necklace,caro necklace,1,0,,,000000000000000000000000000000000000000000000000
11,wardrobe3,56,26206,Hizamaru Ring,Hizamaru ring,1,5,,,000000000000000000000000000000000000000000000000
11,wardrobe3,57,25855,Tatena. Haidate,tatenashi haidate,1,0,,,000000000000000000000000000000000000000000000000
11,wardrobe3,58,11761,Light Belt,light belt,1,0,,,000000000000000000000000000000000000000000000000
11,wardrobe3,60,25948,Hiza. Sune-Ate +2,Hizamaru sune-ate +2,1,0,,,000000000000000000000000000000000000000000000000
11,wardrobe3,61,11651,Epona's Ring,Epona's ring,1,0,,,000000000000000000000000000000000000000000000000
11,wardrobe3,62,25569,Flam. Zucchetto +2,flamma zucchetto +2,1,0,,,000000000000000000000000000000000000000000000000
11,wardrobe3,63,25881,Hiza. Hizayoroi +2,Hizamaru hizayoroi +2,1,0,,,000000000000000000000000000000000000000000000000
11,wardrobe3,64,25459,Abyssal Beads,abyssal bead necklace,1,0,15,Path: A,03830000500F3C02CE000000000000000000000000000000
11,wardrobe3,65,10297,Sortiarius Earring,sortiarius earring,1,0,,,000000000000000000000000000000000000000000000000
11,wardrobe3,66,26029,Anu Torque,Anu torque,1,0,,,000000000000000000000000000000000000000000000000
11,wardrobe3,67,26400,Culminus,culminus,1,0,,,000000000000000000000000000000000000000000000000
11,wardrobe3,68,25829,Meg. Gloves +2,meghanada gloves +2,1,0,,,000000000000000000000000000000000000000000000000
11,wardrobe3,69,20516,Denouements,Denouements,1,0,,,000000000000000000000000000000000000000000000000
11,wardrobe3,70,26333,Ioskeha Belt,ioskeha belt,1,0,,,000000000000000000000000000000000000000000000000
11,wardrobe3,71,26172,Begrudging Ring,begrudging ring,1,0,,,000000000000000000000000000000000000000000000000
11,wardrobe3,72,21580,Lanun Knife,lanun knife,1,0,13,Path: C,03830000520AB4022A000000005BF3000000000000000000
11,wardrobe3,73,26328,Sarissapho. Belt,sarissaphoroi belt,1,0,,,000000000000000000000000000000000000000000000000
11,wardrobe3,74,26329,Luminary Sash,luminary sash,1,0,,,000000000000000000000000000000000000000000000000
11,wardrobe3,75,18826,Umbra Strap,umbra strap,1,0,,,000000000000000000000000000000000000000000000000
11,wardrobe3,76,19249,Thew Bomblet,thew bomblet,1,0,,,000000000000000000000000000000000000000000000000
11,wardrobe3,77,26326,Channeler's Stone,channeler's stone,1,0,,,000000000000000000000000000000000000000000000000
11,wardrobe3,78,26327,Asklepian Belt,asklepian belt,1,0,,,000000000000000000000000000000000000000000000000
11,wardrobe3,80,26173,Apate Ring,apate ring,1,0,,,000000000000000000000000000000000000000000000000
12,wardrobe4,1,21926,Tsuru,Tsuru,1,0,,,000000000000000000000000000000000000000000000000
12,wardrobe4,2,22197,Niobid Strap,niobid strap,1,0,,,000000000000000000000000000000000000000000000000
12,wardrobe4,3,25946,Sulev. Leggings +2,Sulevia's leggings +2,1,0,,,000000000000000000000000000000000000000000000000
12,wardrobe4,4,25643,Merlinic Hood,merlinic hood,1,0,,"Mag. Acc.+25 ""Mag.Atk.Bns.""+25;Mag. Acc.+13;""Mag.Atk.Bns.""+9",020346C02360854000000000000000000000000000000000
12,wardrobe4,5,27141,Merlinic Dastanas,merlinic dastanas,1,0,,"Mag. Acc.+23 ""Mag.Atk.Bns.""+23;Mag. crit. hit dmg. +6%;INT+8;Mag. Acc.+12",020346B04F29043A23580000000000000000000000000000
12,wardrobe4,6,23449,Ignominy Cuirass +3,ignominy cuirass +3,1,0,,,000000000000000000000000000000000000000000000000
12,wardrobe4,7,25792,Hiza. Haramaki +2,Hizamaru haramaki +2,1,0,,,000000000000000000000000000000000000000000000000
12,wardrobe4,8,27496,Herculean Boots,herculean boots,1,0,,"""Fast Cast""+4;MND+2",02038C18050A000000000000000000000000000000000000
12,wardrobe4,9,27497,Merlinic Crackows,merlinic crackows,1,0,,"Mag. Acc.+29;""Fast Cast""+6;MND+2",020323E08C28050A00000000000000000000000000000000
12,wardrobe4,10,25642,Herculean Helm,herculean helm,1,0,,"Mag. Acc.+7;Pet: STR+9;""Treasure Hunter""+1;Mag. Acc.+8 ""Mag.Atk.Bns.""+8",020323300047930046380000000000000000000000000000
12,wardrobe4,11,25842,Herculean Trousers,herculean trousers,1,0,,"""Mag.Atk.Bns.""+9;""Fast Cast""+4;Mag. Acc.+5",020385408C18232000000000000000000000000000000000
12,wardrobe4,12,27140,Herculean Gloves,herculean gloves,1,0,,"""Mag.Atk.Bns.""+25;""Fast Cast""+5",020385C08C20000000000000000000000000000000000000
12,wardrobe4,13,23785,Sakpata's Leggings,Sakpata's leggings,1,0,,,000000000000000000000000000000000000000000000000
12,wardrobe4,14,26321,Reiki Yotai,reiki yotai,1,0,,,000000000000000000000000000000000000000000000000
12,wardrobe4,15,26023,Sanctity Necklace,sanctity necklace,1,5,,,000000000000000000000000000000000000000000000000
12,wardrobe4,16,27616,Izdubar Mantle,izdubar mantle,1,0,,,000000000000000000000000000000000000000000000000
12,wardrobe4,17,27603,Aptitude Mantle,aptitude mantle,1,5,,,000000000000000000000000000000000000000000000000
12,wardrobe4,18,19583,Uzura +2,uzura +2,1,0,,TP Bonus +1000,02430000000061990000D989000000000000000000000000
12,wardrobe4,19,26030,Erra Pendant,Erra pendant,1,0,,,000000000000000000000000000000000000000000000000
12,wardrobe4,20,26531,Ratri Plate,Ratri breastplate,1,0,,,000000000000000000000000000000000000000000000000
12,wardrobe4,21,23761,Nyame Helm,Nyame helm,1,5,13,Path: B,0383000041053400BB010000000000000000000000000000
12,wardrobe4,22,23768,Nyame Mail,Nyame mail,1,0,,,000000000000000000000000000000000000000000000000
12,wardrobe4,23,23734,Malignance Gloves,malignance gloves,1,0,,,000000000000000000000000000000000000000000000000
12,wardrobe4,24,23775,Nyame Gauntlets,Nyame gauntlets,1,0,,,000000000000000000000000000000000000000000000000
12,wardrobe4,25,23735,Malignance Tights,malignance tights,1,0,,,000000000000000000000000000000000000000000000000
12,wardrobe4,26,23782,Nyame Flanchard,Nyame flanchard,1,0,,,000000000000000000000000000000000000000000000000
12,wardrobe4,27,23736,Malignance Boots,malignance boots,1,0,,,000000000000000000000000000000000000000000000000
12,wardrobe4,28,23789,Nyame Sollerets,Nyame sollerets,1,5,,,000000000000000000000000000000000000000000000000
12,wardrobe4,29,26088,Malignance Earring,malignance earring,1,0,,,000000000000000000000000000000000000000000000000
12,wardrobe4,30,21921,Kaja Katana,kaja katana,1,0,,,000000000000000000000000000000000000000000000000
12,wardrobe4,31,23778,Sakpata's Cuisses,Sakpata's cuisses,1,0,,,000000000000000000000000000000000000000000000000
12,wardrobe4,32,23771,Sakpata's Gauntlets,Sakpata's gauntlets,1,0,,,000000000000000000000000000000000000000000000000
12,wardrobe4,33,23764,Sakpata's Plate,Sakpata's breastplate,1,0,,,000000000000000000000000000000000000000000000000
12,wardrobe4,34,23757,Sakpata's Helm,Sakpata's helm,1,0,,,000000000000000000000000000000000000000000000000
12,wardrobe4,36,26080,Mache Earring,mache earring,1,0,,,00000000000000000000000000DE70940000000000000000
12,wardrobe4,37,26084,Sherida Earring,Sherida earring,1,0,,,000000000000000000000000000000000000000000000000
12,wardrobe4,38,26116,Schere Earring,schere earring,1,0,,,000000000000000000000000000000000000000000000000
12,wardrobe4,39,26250,Sucellos's Cape,Sucellos's cape,1,0,,"DEX+20;Accuracy+20 Attack+20;""Dual Wield""+10",0203019A4498000092480000000000000000000000000000
12,wardrobe4,40,26258,Andartia's Mantle,Andartia's mantle,1,0,,Accuracy+20 Attack+20;Weapon skill damage +10%,020300004498000047490000000000000000000000000000
12,wardrobe4,41,26185,Niqmaddu Ring,Niqmaddu ring,1,0,,,000000000000000000000000000000000000000000000000
12,wardrobe4,42,23758,Mpaca's Cap,Mpaca's cap,1,0,,,000000000000000000000000000000000000000000000000
12,wardrobe4,43,23765,Mpaca's Doublet,Mpaca's doublet,1,5,,,000000000000000000000000000000000000000000000000
12,wardrobe4,44,23772,Mpaca's Gloves,Mpaca's gloves,1,5,,,000000000000000000000000000000000000000000000000
12,wardrobe4,45,23779,Mpaca's Hose,Mpaca's hose,1,5,,,000000000000000000000000000000000000000000000000
12,wardrobe4,46,23786,Mpaca's Boots,Mpaca's boots,1,0,,,000000000000000000000000000000000000000000000000
12,wardrobe4,47,26218,Beithir Ring,Beithir ring,1,0,,,000000000000000000000000000000000000000000000000
12,wardrobe4,48,21925,Kunimitsu,Kunimitsu,1,0,,,000000000000000000000000000000000000000000000000
12,wardrobe4,49,26246,Cichol's Mantle,Cichol's mantle,1,0,,STR+20;Accuracy+20 Attack+20;Weapon skill damage +10%,0203009A4498000047490000000000000000000000000000
12,wardrobe4,50,28428,Sailfi Belt +1,sailfi belt +1,1,0,6,Path: A,038300007C01180224010000000000000000000000000000
12,wardrobe4,51,28401,Eddy Necklace,eddy necklace,1,0,,,000000000000000000000000000000000000000000000000
12,wardrobe4,52,27545,Telos Earring,telos earring,1,0,,,000000000000000000000000000000000000000000000000
12,wardrobe4,53,23044,Atro. Chapeau +2,atrophy chapeau +2,1,0,,,000000000000000000000000000000000000000000000000
12,wardrobe4,54,23111,Atrophy Tabard +2,atrophy tabard +2,1,0,,,000000000000000000000000000000000000000000000000
12,wardrobe4,55,26809,Viti. Tabard +1,vitiation tabard +1,1,0,,"Enhances ""Chainspell"" effect",024300000000041D00008394000000000000000000000000
12,wardrobe4,56,26250,Sucellos's Cape,Sucellos's cape,1,0,,"Accuracy+20 Attack+20;""Fast Cast""+10",02030000449800008C480000000000000000000000000000
12,wardrobe4,57,26250,Sucellos's Cape,Sucellos's cape,1,0,,"INT+20;Mag. Acc+20 /Mag. Dmg.+20;""Mag.Atk.Bns.""+10",0203049A5098000085480000000000000000000000000000
12,wardrobe4,58,26985,Viti. Gloves +1,vitiation gloves +1,1,0,,Enhancing Magic duration,0243000000004A0500008494000000000000000000000000
12,wardrobe4,59,23245,Atrophy Tights +2,atrophy tights +2,1,0,,,000000000000000000000000000000000000000000000000
12,wardrobe4,60,26625,Agoge Mask +1,agoge mask +1,1,0,,"Enhances ""Savagery"" effect",024300000000300500006E94000000000000000000000000
12,wardrobe4,61,27120,Amalric Gages +1,amalric gages +1,1,0,15,"INT+12;Mag. Acc.+20;""Mag.Atk.Bns.""+20",02233F00AAFBC30B18131413000000000000000000000000
12,wardrobe4,62,27305,Amalric Slops +1,amalric slops +1,1,0,15,"MP+80;""Mag.Atk.Bns.""+25;Enmity-6",02233F00AAFB044F14187905000000000000000000000000
12,wardrobe4,63,25442,Dls. Torque +1,duelist's torque +1,1,0,15,Path: A,038300006810BC02CB00000000DCB6940000000000000000
12,wardrobe4,64,26183,Stikini Ring,stikini ring,1,0,,,000000000000000000000000005C7A000000000000000000
12,wardrobe4,65,26253,Ankou's Mantle,Ankou's mantle,1,0,,STR+20;Accuracy+20 Attack+20;Weapon skill damage +10%,0203009A4498000047490000000000000000000000000000
12,wardrobe4,66,26183,Stikini Ring,stikini ring,1,0,,,000000000000000000000000005DAFC7DE2C000000000000
12,wardrobe4,67,28479,Enervating Earring,enervating earring,1,0,,,000000000000000000000000000000000000000000000000
12,wardrobe4,68,28478,Etiolation Earring,etiolation earring,1,5,,,000000000000000000000000000000000000000000000000
12,wardrobe4,69,23335,Vitiation Boots +2,vitiation boots +2,1,0,,Immunobreak Chance,0243000000004D0500003895000000000000000000000000
12,wardrobe4,70,20977,Heishi Shorinken,Heishi Shorinken,1,0,,,000000000000000000000000000000000000000000000000
12,wardrobe4,71,23755,Ikenga's Hat,Ikenga's hat,1,0,,,000000000000000000000000000000000000000000000000
12,wardrobe4,72,23762,Ikenga's Vest,Ikenga's vest,1,0,,,000000000000000000000000000000000000000000000000
12,wardrobe4,74,26253,Ankou's Mantle,Ankou's mantle,1,0,,"STR+20;Accuracy+20 Attack+20;""Dbl.Atk.""+10",0203009A449800008F480000000000000000000000000000
12,wardrobe4,76,26161,Shukuyu Ring,shukuyu ring,1,0,,,000000000000000000000000000000000000000000000000
12,wardrobe4,77,21482,Compensator,compensator,1,0,,,000000000000000000000000000000000000000000000000
12,wardrobe4,78,27282,Eschite Cuisses,eschite cuisses,1,0,,,000000000000000000000000000000000000000000000000
12,wardrobe4,79,26188,Kishar Ring,Kishar ring,1,0,,,000000000000000000000000000000000000000000000000
12,wardrobe4,80,26262,Camulus's Mantle,Camulus's mantle,1,0,,"DEX+20;Accuracy+20 Attack+20;""Dual Wield""+10",0203019A4498000092480000000000000000000000000000
